date,meantemp,humidity,wind_speed,meanpressure,year,month,day,day_of_week,quarter,Predicted_Temperature
2017-01-01,15.91304347826087,85.8695652173913,2.743478260869565,59.0,2017,1,1,6,1,24.900640476190475
2017-01-02,18.5,77.22222222222223,2.8944444444444444,1018.2777777777778,2017,1,2,0,1,13.84907738095238
2017-01-03,17.11111111111111,81.88888888888889,4.016666666666667,1018.3333333333334,2017,1,3,1,1,13.345380952380953
2017-01-04,18.7,70.05,4.545,1015.7,2017,1,4,2,1,14.958086916706485
2017-01-05,18.38888888888889,74.94444444444444,3.3000000000000003,1014.3333333333334,2017,1,5,3,1,18.290299450549437
2017-01-06,19.318181818181817,79.31818181818181,8.681818181818182,1011.7727272727273,2017,1,6,4,1,14.457856990231983
2017-01-07,14.708333333333334,95.83333333333331,10.041666666666664,1011.375,2017,1,7,5,1,13.518309523809524
2017-01-08,15.68421052631579,83.52631578947368,1.95,1015.55,2017,1,8,6,1,13.329172619047615
2017-01-09,14.571428571428571,80.80952380952381,6.542857142857142,1015.952380952381,2017,1,9,0,1,14.479095238095237
2017-01-10,12.11111111111111,71.94444444444444,9.361111111111107,1016.8888888888888,2017,1,10,1,1,14.147656343656344
2017-01-11,11.0,72.11111111111111,9.77222222222222,1016.7777777777778,2017,1,11,2,1,14.281733724608726
2017-01-12,11.789473684210526,74.57894736842105,6.626315789473684,1016.3684210526316,2017,1,12,3,1,14.933047619047622
2017-01-13,13.235294117647058,67.05882352941177,6.435294117647059,1017.529411764706,2017,1,13,4,1,14.7597963980464
2017-01-14,13.2,74.28,5.276,1018.84,2017,1,14,5,1,13.117125000000001
2017-01-15,16.434782608695652,72.56521739130434,3.630434782608696,1018.1304347826087,2017,1,15,6,1,13.613178571428573
2017-01-16,14.65,78.45,10.38,1017.15,2017,1,16,0,1,13.078672619047618
2017-01-17,11.72222222222222,84.44444444444444,8.038888888888888,1018.3888888888888,2017,1,17,1,1,12.997553571428575
2017-01-18,13.041666666666666,78.33333333333333,6.029166666666664,1021.9583333333334,2017,1,18,2,1,12.833375000000004
2017-01-19,14.61904761904762,75.14285714285714,10.33809523809524,1022.809523809524,2017,1,19,3,1,12.835964285714285
2017-01-20,15.263157894736842,66.47368421052632,11.226315789473684,1021.7894736842104,2017,1,20,4,1,13.442750000000004
2017-01-21,15.391304347826088,70.8695652173913,13.695652173913045,1020.4782608695652,2017,1,21,5,1,13.388440476190477
2017-01-22,18.44,76.24,5.867999999999999,1021.04,2017,1,22,6,1,12.924374999999998
2017-01-23,18.11764705882353,76.0,6.752941176470588,1019.8235294117648,2017,1,23,0,1,13.292255952380952
2017-01-24,18.347826086956523,68.1304347826087,3.3913043478260865,1018.8695652173913,2017,1,24,1,1,14.131327759197326
2017-01-25,21.0,69.96,8.755999999999998,1018.4,2017,1,25,2,1,13.855254853479856
2017-01-26,16.178571428571427,91.64285714285714,8.467857142857143,1017.7857142857144,2017,1,26,3,1,12.939517857142855
2017-01-27,16.5,77.04166666666667,14.358333333333333,1018.125,2017,1,27,4,1,13.627059523809526
2017-01-28,14.863636363636363,82.77272727272727,9.690909090909091,1019.6363636363636,2017,1,28,5,1,13.26349404761905
2017-01-29,15.666666666666666,81.77777777777777,10.294444444444444,1017.3888888888888,2017,1,29,6,1,15.351189699792961
2017-01-30,16.444444444444443,77.55555555555556,4.322222222222222,1015.8333333333334,2017,1,30,0,1,16.168637840420455
2017-01-31,16.125,76.0,4.625,1015.5,2017,1,31,1,1,16.58196796862558
2017-02-01,15.25,78.625,5.1000000000000005,1017.5,2017,2,1,2,1,15.992626402582923
2017-02-02,17.09090909090909,66.54545454545455,3.027272727272727,1018.9090909090908,2017,2,2,3,1,15.786622048241616
2017-02-03,15.636363636363637,78.18181818181819,1.8545454545454545,1017.7272727272727,2017,2,3,4,1,14.928333597561862
2017-02-04,18.7,77.6,9.82,1014.4,2017,2,4,5,1,17.653090825840817
2017-02-05,18.63157894736842,77.63157894736842,8.099999999999998,1014.2105263157896,2017,2,5,6,1,17.71344907869907
2017-02-06,16.88888888888889,69.66666666666667,9.044444444444444,1016.0,2017,2,6,0,1,16.12556498593998
2017-02-07,15.125,63.75,7.637500000000001,1016.125,2017,2,7,1,1,16.73738367558367
2017-02-08,15.7,68.4,4.08,1015.6,2017,2,8,2,1,16.768513574308134
2017-02-09,15.375,68.375,7.875000000000002,1016.375,2017,2,9,3,1,16.282733592333585
2017-02-10,14.666666666666666,71.77777777777777,9.066666666666666,1015.6666666666666,2017,2,10,4,1,16.035699758574754
2017-02-11,15.625,64.0,3.95,1016.625,2017,2,11,5,1,17.324634885484883
2017-02-12,16.25,70.375,1.625,1019.625,2017,2,12,6,1,15.429381205750774
2017-02-13,16.333333333333332,67.0,6.377777777777778,1021.5555555555557,2017,2,13,0,1,16.556274003773993
2017-02-14,16.875,65.5,6.9625,1021.375,2017,2,14,1,1,16.634565989565978
2017-02-15,17.571428571428573,67.71428571428571,5.557142857142857,1020.5714285714286,2017,2,15,2,1,17.02908773171273
2017-02-16,20.25,56.75,10.4375,1017.625,2017,2,16,3,1,17.55764564602064
2017-02-17,21.3,64.4,9.279999999999998,1016.5,2017,2,17,4,1,17.81602828837829
2017-02-18,21.125,70.75,6.25,1016.25,2017,2,18,5,1,18.404244005994013
2017-02-19,22.363636363636363,66.0909090909091,6.054545454545456,1013.0,2017,2,19,6,1,21.504109890109888
2017-02-20,23.375,60.125,6.937499999999999,1005.375,2017,2,20,0,1,31.318441945773525
2017-02-21,21.83333333333333,69.41666666666667,12.341666666666669,1007.4166666666666,2017,2,21,1,1,23.531014417989418
2017-02-22,19.125,57.125,7.4125,1012.25,2017,2,22,2,1,21.479464285714272
2017-02-23,18.625,42.875,14.35,1015.25,2017,2,23,3,1,20.71285165667666
2017-02-24,19.125,40.375,16.6625,1016.125,2017,2,24,4,1,19.78320305600831
2017-02-25,19.0,50.42857142857143,11.928571428571429,1014.2857142857144,2017,2,25,5,1,21.50520711233211
2017-02-26,18.75,59.0,11.1125,1012.375,2017,2,26,6,1,20.968583333333328
2017-02-27,19.875,58.375,5.1000000000000005,1014.25,2017,2,27,0,1,20.702657509157508
2017-02-28,23.33333333333333,51.66666666666666,3.911111111111112,1013.1111111111112,2017,2,28,1,1,20.67491025641025
2017-03-01,24.46153846153846,47.92307692307692,6.415384615384617,1012.9230769230768,2017,3,1,2,1,26.902511904761905
2017-03-02,23.75,54.25,5.930000000000001,1012.15,2017,3,2,3,1,25.106647639397643
2017-03-03,20.5,42.5,7.4125,1010.625,2017,3,3,4,1,26.45866071428571
2017-03-04,19.125,43.125,8.350000000000001,1010.0,2017,3,4,5,1,26.3893988095238
2017-03-05,19.75,41.25,9.9625,1010.5,2017,3,5,6,1,27.18110714285713
2017-03-06,20.0,42.44444444444444,9.666666666666664,1010.3333333333334,2017,3,6,0,1,26.132815476190466
2017-03-07,22.625,41.5,6.025,1007.375,2017,3,7,1,1,28.575140547415554
2017-03-08,21.545454545454547,52.72727272727273,10.263636363636364,1008.9090909090908,2017,3,8,2,1,25.77598214285713
2017-03-09,20.785714285714285,69.07142857142857,8.342857142857143,1007.3571428571428,2017,3,9,3,1,25.04956161986162
2017-03-10,19.9375,67.75,11.4625,1006.875,2017,3,10,4,1,26.84935636955636
2017-03-11,18.53333333333333,60.4,5.566666666666666,1009.8,2017,3,11,5,1,25.8442967032967
2017-03-12,17.375,56.625,7.637499999999999,1014.75,2017,3,12,6,1,23.75397182539682
2017-03-13,17.444444444444443,49.333333333333336,9.055555555555554,1014.8888888888888,2017,3,13,0,1,25.13085376528928
2017-03-14,18.0,56.333333333333336,4.522222222222222,1016.5555555555557,2017,3,14,1,1,23.084362327487316
2017-03-15,19.875,54.75,7.175000000000001,1014.125,2017,3,15,2,1,24.685777136752126
2017-03-16,24.0,49.2,5.5600000000000005,1011.1,2017,3,16,3,1,26.884821428571435
2017-03-17,20.9,59.7,11.489999999999998,1010.7,2017,3,17,4,1,24.806089285714293
2017-03-18,24.692307692307693,46.30769230769231,7.123076923076924,1009.8461538461538,2017,3,18,5,1,26.440541666666654
2017-03-19,24.666666666666668,52.27777777777778,9.161111111111111,1011.8888888888888,2017,3,19,6,1,25.786263939763934
2017-03-20,23.33333333333333,54.66666666666666,10.077777777777778,1012.5555555555557,2017,3,20,0,1,25.123751373626373
2017-03-21,25.0,49.0,9.2625,1011.75,2017,3,21,1,1,27.371982142857142
2017-03-22,27.25,45.0,10.187500000000002,1009.75,2017,3,22,2,1,26.240833333333317
2017-03-23,28.0,49.75,3.4875000000000003,1008.875,2017,3,23,3,1,26.443172619047616
2017-03-24,28.916666666666668,37.66666666666666,10.033333333333337,1010.5833333333334,2017,3,24,4,1,27.396124999999994
2017-03-25,26.5,39.375,10.425,1009.875,2017,3,25,5,1,27.47252976190475
2017-03-26,29.1,37.1,17.59,1010.2,2017,3,26,6,1,26.590791666666664
2017-03-27,29.5,38.625,13.65,1009.5,2017,3,27,0,1,26.395553571428565
2017-03-28,29.88888888888889,40.66666666666666,8.844444444444445,1009.0,2017,3,28,1,1,27.482083333333325
2017-03-29,31.0,34.5,13.2,1007.125,2017,3,29,2,1,29.371626831501825
2017-03-30,29.285714285714285,36.85714285714285,10.585714285714284,1007.1428571428572,2017,3,30,3,1,29.30157738095238
2017-03-31,30.625,37.625,6.949999999999999,1007.5,2017,3,31,4,1,28.351163919413924
2017-04-01,31.375,35.125,9.0375,1005.0,2017,4,1,5,2,32.715514027639024
2017-04-02,29.75,33.75,9.2625,1004.25,2017,4,2,6,2,33.36908531746032
2017-04-03,30.5,29.75,6.9375,1004.25,2017,4,3,0,2,33.8164623015873
2017-04-04,30.933333333333334,31.866666666666667,14.32,1007.2,2017,4,4,1,2,31.46285366300366
2017-04-05,29.23076923076923,46.0,14.384615384615389,1005.0,2017,4,5,2,2,32.15212726162725
2017-04-06,31.22222222222222,26.0,13.577777777777776,1002.8888888888888,2017,4,6,3,2,33.75779831932773
2017-04-07,27.0,29.875,4.65,1007.375,2017,4,7,4,2,31.7223594831095
2017-04-08,25.625,29.375,8.337499999999999,1010.375,2017,4,8,5,2,29.136734126984123
2017-04-09,27.125,21.125,14.125,1010.625,2017,4,9,6,2,28.2651085978836
2017-04-10,27.857142857142858,19.428571428571427,19.314285714285717,1008.5714285714286,2017,4,10,0,2,30.204307972582974
2017-04-11,29.25,17.75,15.5125,1006.25,2017,4,11,1,2,32.45572924297924
2017-04-12,29.25,26.0,9.4875,1005.875,2017,4,12,2,2,33.028458333333326
2017-04-13,29.666666666666668,29.11111111111111,4.944444444444445,1006.7777777777778,2017,4,13,3,2,32.49313333333333
2017-04-14,30.5,37.625,1.3875000000000002,1004.625,2017,4,14,4,2,33.18396593406593
2017-04-15,31.22222222222222,30.444444444444443,5.966666666666667,1002.4444444444443,2017,4,15,5,2,34.80823494397759
2017-04-16,31.0,34.25,2.1,1003.25,2017,4,16,6,2,34.52070064412238
2017-04-17,32.55555555555556,38.44444444444444,5.366666666666666,1004.4444444444443,2017,4,17,0,2,33.36927698412698
2017-04-18,34.0,27.33333333333333,7.811111111111111,1003.1111111111112,2017,4,18,1,2,33.96189950980393
2017-04-19,33.5,24.125,9.025,1000.875,2017,4,19,2,2,34.75104067990833
2017-04-20,34.5,27.5,5.5625,998.625,2017,4,20,3,2,36.49485897435898
2017-04-21,34.25,39.375,6.9625,999.875,2017,4,21,4,2,34.64221180045444
2017-04-22,32.9,40.9,8.89,1001.6,2017,4,22,5,2,34.30404484975808
2017-04-23,32.875,27.5,9.9625,1002.125,2017,4,23,6,2,33.729019034886676
2017-04-24,32.0,27.142857142857142,12.157142857142858,1004.1428571428572,2017,4,24,0,2,33.290814102564106
